SNP	chr_pos	A1	OR	P	targetChr	target_Start-End	score	per_identity	q.length	dataset
rs9870157	3:16652240	T	1.308	2.8249999999999993e-83	chrY	26964471-26964521	46.0	96.0	50.0	BioVU
rs145369881	7:100351596	T	0.7808	3.2510000000000005e-08	chrX	26864979-26865116	39.0	90.0	50.0	BioVU
rs77638744	7:121147858	A	1.123	1.522e-10	chrY	23315613-23316169	45.0	98.0	50.0	BioVU
rs9508454	13:20119336	C	1.185	1.2649999999999999e-31	chrY	28612640-28612689	46.0	91.9	50.0	BioVU
rs1048990	14:35761675	G	1.162	1.935e-20	chrY	15398460-15398510	46.0	96.0	50.0	BioVU
rs75745570	1:162075684	T	0.9231	7.601e-14	chrX	121952043-121952114	57.0	90.2	71.0	UKBiobank
rs114928327	4:88457099	T	0.8924	4.0880000000000006e-22	chrX	79084149-79084223	60.0	93.0	71.0	UKBiobank
rs11598874	10:39006198	T	1.072	1.937e-12	chrY	13568059-13568130	67.0	97.2	71.0	UKBiobank
rs11032483	11:4515024	T	1.254	1.329e-53	chrY	19070733-19070803	48.0	84.3	70.0	UKBiobank
rs75212444	11:34104213	T	0.8822	2.353e-13	chrX	36967486-36967536	46.0	96.0	50.0	UKBiobank
rs7298104	12:118926685	T	0.9115	5.966000000000001e-10	chrY	1513524-1513899	43.0	93.9	59.0	UKBiobank
rs116890400	19:53535248	A	0.8809999999999999	1.023e-11	chrX	38605892-38605963	57.0	90.2	71.0	UKBiobank
rs73196350	21:18068575	A	0.9356	5.187000000000001e-10	chrX	80780038-80780101	49.0	88.9	63.0	UKBiobank
